<?xml version="1.0" encoding="UTF-8"?>
<section name="Workbench">
	<item key="org.eclipse.jdt.ui.lastextjar" value="C:\Users\37302\eclipse\eclipse-rcp-2021-06-R-win32-x86_64\eclipse\plugins"/>
	<item key="SearchScopeActionGroup.search_scope_type" value="1"/>
	<item key="CallHierarchyViewPart.call_mode" value="0"/>
	<item key="CallHierarchyViewPart.field_mode" value="2"/>
	<item key="CallHierarchyViewPart.ratio3" value="500"/>
	<item key="CallHierarchyViewPart.orientation" value="3"/>
	<item key="CallHierarchyViewPart.ratio1" value="500"/>
	<section name="JavaElementSearchActions">
	</section>
	<section name="org.eclipse.jdt.internal.ui.dialogs.FilteredTypesSelectionDialog">
		<item key="ShowStatusLine" value="true"/>
		<item key="History" value="&lt;?xml version=&quot;1.0&quot; encoding=&quot;UTF-8&quot;?&gt;&#x0D;&#x0A;&lt;History/&gt;"/>
		<section name="DialogBoundsSettings">
			<item key="DIALOG_HEIGHT" value="500"/>
			<item key="DIALOG_WIDTH" value="600"/>
			<item key="DIALOG_X_ORIGIN" value="326"/>
			<item key="DIALOG_Y_ORIGIN" value="371"/>
			<item key="DIALOG_FONT_NAME" value="1|Microsoft YaHei UI|9.0|0|WINDOWS|1|-12|0|0|0|400|0|0|0|1|0|0|0|0|Microsoft YaHei UI"/>
		</section>
	</section>
	<section name="completion_proposal_size">
	</section>
	<section name="quick_assist_proposal_size">
	</section>
	<section name="OptionalMessageDialog.hide.">
		<item key="org.eclipse.jdt.ui.typecomment.deprecated" value="true"/>
	</section>
	<section name="NewClassWizardPage">
		<item key="create_constructor" value="false"/>
		<item key="create_unimplemented" value="true"/>
	</section>
	<section name="BuildPathsPropertyPage">
		<item key="pageIndex" value="2"/>
	</section>
	<section name="ClasspathContainerSelectionPage">
		<item key="index" value="0"/>
	</section>
	<section name="NewPackageWizardPage">
		<item key="create_package_info_java" value="false"/>
	</section>
	<section name="org.eclipse.jdt.internal.ui.text.QuickOutline">
		<item key="GoIntoTopLevelTypeAction.isChecked" value="false"/>
		<item key="org.eclipse.jdt.internal.ui.text.JavaOutlineInformationControlDIALOG_WIDTH" value="350"/>
		<item key="org.eclipse.jdt.internal.ui.text.JavaOutlineInformationControlDIALOG_HEIGHT" value="317"/>
		<item key="org.eclipse.jdt.internal.ui.text.JavaOutlineInformationControlDIALOG_USE_PERSISTED_SIZE" value="true"/>
		<item key="org.eclipse.jdt.internal.ui.text.JavaOutlineInformationControlDIALOG_USE_PERSISTED_LOCATION" value="false"/>
	</section>
	<section name="RefactoringWizard.preview">
		<item key="width" value="600"/>
		<item key="height" value="400"/>
	</section>
	<section name="org.eclipse.ltk.ui.refactoring.settings">
		<item key="updateSimilarElements" value="false"/>
		<item key="updateSimilarElementsMatchStrategy" value="1"/>
		<item key="updateTextualMatches" value="false"/>
		<item key="updateQualifiedNames" value="false"/>
		<item key="patterns" value="*"/>
		<item key="renameSubpackages" value="false"/>
	</section>
	<section name="SearchInDialog">
		<item key="SearchInSources" value="true"/>
		<item key="SearchInProjects" value="true"/>
		<item key="SearchInJRE" value="true"/>
		<item key="SearchInAppLibs" value="true"/>
	</section>
	<section name="CallHierarchySearchScope">
	</section>
	<section name="SourceActionDialog.constructors">
		<item key="VisibilityModifier" value="1"/>
		<item key="FinalModifier" value="false"/>
		<item key="SynchronizedModifier" value="false"/>
		<item key="Comments" value="false"/>
	</section>
	<section name="GenerateConstructorUsingFieldsSelectionDialog">
		<item key="OmitCallToSuper" value="false"/>
	</section>
	<section name="DialogBounds_GenerateConstructorUsingFieldsSelectionDialog">
		<item key="DIALOG_X_ORIGIN" value="1001"/>
		<item key="DIALOG_Y_ORIGIN" value="205"/>
		<item key="DIALOG_WIDTH" value="574"/>
		<item key="DIALOG_HEIGHT" value="749"/>
		<item key="DIALOG_FONT_NAME" value="1|Microsoft YaHei UI|9.0|0|WINDOWS|1|-12|0|0|0|400|0|0|0|1|0|0|0|0|Microsoft YaHei UI"/>
	</section>
	<section name="SourceActionDialog.methods">
		<item key="VisibilityModifier" value="1"/>
		<item key="FinalModifier" value="false"/>
		<item key="SynchronizedModifier" value="false"/>
		<item key="Comments" value="false"/>
	</section>
	<section name="AddGetterSetterDialog">
		<item key="SortOrdering" value="false"/>
		<item key="RemoveFinal" value="false"/>
	</section>
	<section name="DialogBounds_GetterSetterTreeSelectionDialog">
		<item key="DIALOG_X_ORIGIN" value="995"/>
		<item key="DIALOG_Y_ORIGIN" value="193"/>
		<item key="DIALOG_WIDTH" value="587"/>
		<item key="DIALOG_HEIGHT" value="767"/>
		<item key="DIALOG_FONT_NAME" value="1|Microsoft YaHei UI|9.0|0|WINDOWS|1|-12|0|0|0|400|0|0|0|1|0|0|0|0|Microsoft YaHei UI"/>
	</section>
</section>
