<?xml version="1.0" encoding="UTF-8" standalone="no"?>
<qualifiedTypeNameHistroy>
    <fullyQualifiedTypeName name="com.sun.org.apache.bcel.internal.generic.NEW"/>
    <fullyQualifiedTypeName name="org.eclipse.swt.layout.GridData"/>
    <fullyQualifiedTypeName name="org.eclipse.swt.layout.FormAttachment"/>
    <fullyQualifiedTypeName name="hello.Test1"/>
    <fullyQualifiedTypeName name="org.eclipse.swt.widgets.Shell"/>
    <fullyQualifiedTypeName name="org.eclipse.swt.layout.FillLayout"/>
    <fullyQualifiedTypeName name="com.sun.tools.javac.util.Name.Table"/>
    <fullyQualifiedTypeName name="javax.swing.table.TableColumn"/>
    <fullyQualifiedTypeName name="com.sun.tools.sjavac.comp.dependencies.PublicApiCollector"/>
    <fullyQualifiedTypeName name="sun.jvm.hotspot.runtime.StaticBaseConstructor"/>
    <fullyQualifiedTypeName name="java.lang.Void"/>
    <fullyQualifiedTypeName name="plugindemo.parts.table.SimpleTableExample"/>
    <fullyQualifiedTypeName name="org.eclipse.swt.widgets.TableItem"/>
    <fullyQualifiedTypeName name="java.awt.Menu"/>
    <fullyQualifiedTypeName name="org.eclipse.swt.widgets.Menu"/>
    <fullyQualifiedTypeName name="java.awt.MenuItem"/>
    <fullyQualifiedTypeName name="org.eclipse.swt.widgets.MenuItem"/>
    <fullyQualifiedTypeName name="org.eclipse.swt.events.MouseEvent"/>
    <fullyQualifiedTypeName name="org.eclipse.swt.events.MouseAdapter"/>
    <fullyQualifiedTypeName name="org.eclipse.swt.graphics.Rectangle"/>
    <fullyQualifiedTypeName name="org.eclipse.swt.graphics.Point"/>
    <fullyQualifiedTypeName name="org.eclipse.swt.widgets.Combo"/>
    <fullyQualifiedTypeName name="org.eclipse.swt.custom.CCombo"/>
    <fullyQualifiedTypeName name="com.sun.org.apache.bcel.internal.generic.IF_ACMPEQ"/>
    <fullyQualifiedTypeName name="org.eclipse.jface.window.ApplicationWindow"/>
    <fullyQualifiedTypeName name="org.eclipse.swt.widgets.Control"/>
    <fullyQualifiedTypeName name="org.eclipse.swt.widgets.Composite"/>
    <fullyQualifiedTypeName name="java.lang.Override"/>
    <fullyQualifiedTypeName name="org.eclipse.swt.widgets.Text"/>
    <fullyQualifiedTypeName name="org.eclipse.swt.SWT"/>
    <fullyQualifiedTypeName name="plugindemo.parts.jface.simpledemo.HelloJface"/>
    <fullyQualifiedTypeName name="com.sun.source.tree.Tree"/>
    <fullyQualifiedTypeName name="org.eclipse.swt.widgets.Display"/>
    <fullyQualifiedTypeName name="fun.krisme.plugindemo.parts.jface.viewer.People"/>
    <fullyQualifiedTypeName name="java.util.Date"/>
    <fullyQualifiedTypeName name="org.eclipse.swt.widgets.Event"/>
    <fullyQualifiedTypeName name="org.eclipse.swt.widgets.TableColumn"/>
    <fullyQualifiedTypeName name="org.eclipse.swt.widgets.Table"/>
    <fullyQualifiedTypeName name="org.eclipse.jface.viewers.TableViewerColumn"/>
    <fullyQualifiedTypeName name="org.eclipse.swt.widgets.Listener"/>
    <fullyQualifiedTypeName name="java.util.ArrayList"/>
    <fullyQualifiedTypeName name="fun.krisme.plugindemo.parts.jface.tableviewer.People"/>
    <fullyQualifiedTypeName name="java.lang.String"/>
    <fullyQualifiedTypeName name="fun.krisme.plugindemo.parts.jface.tableviewer.Information"/>
    <fullyQualifiedTypeName name="fun.krisme.plugindemo.parts.jface.tableviewer.BeiTaiOxygen"/>
    <fullyQualifiedTypeName name="org.eclipse.jface.viewers.IStructuredContentProvider"/>
    <fullyQualifiedTypeName name="java.util.List"/>
    <fullyQualifiedTypeName name="org.eclipse.jface.viewers.ITableLabelProvider"/>
    <fullyQualifiedTypeName name="org.eclipse.swt.layout.GridLayout"/>
    <fullyQualifiedTypeName name="org.eclipse.jface.viewers.CheckboxCellEditor"/>
    <fullyQualifiedTypeName name="org.eclipse.swt.custom.CLabel"/>
</qualifiedTypeNameHistroy>
