<?xml version="1.0" encoding="UTF-8"?>
<section name="Workbench">
	<section name="ShowViewDialog">
		<item key="DIALOG_X_ORIGIN" value="1116"/>
		<item key="DIALOG_Y_ORIGIN" value="403"/>
		<item key="DIALOG_WIDTH" value="345"/>
		<item key="DIALOG_HEIGHT" value="452"/>
		<item key="DIALOG_FONT_NAME" value="1|Microsoft YaHei UI|9.0|0|WINDOWS|1|-12|0|0|0|400|0|0|0|1|0|0|0|0|Microsoft YaHei UI"/>
		<item key="ShowViewDialog.STORE_SELECTED_VIEW_ID" value="org.eclipse.swt.examples.launcher.view"/>
		<list key="ShowViewDialog.STORE_EXPANDED_CATEGORIES_ID">
			<item value="SWT Examples"/>
			<item value="SWT Tools"/>
		</list>
	</section>
</section>
