<?xml version="1.0" encoding="UTF-8"?>
<feature
      id="org.eclipse.nebula.widgets.nattable.extension.poi.feature"
      label="%featureName"
      version="2.0.0.202012161455"
      provider-name="%providerName">

   <description url="https://projects.eclipse.org/projects/technology.nebula.nattable">
      %description
   </description>

   <copyright>
      %copyright
   </copyright>

   <license url="%licenseURL">
      %license
   </license>

   <requires>
      <import plugin="org.slf4j.api"/>
   </requires>

   <plugin
         id="org.eclipse.nebula.widgets.nattable.extension.poi"
         download-size="21"
         install-size="37"
         version="2.0.0.202012161455"
         unpack="false"/>

   <plugin
         id="org.apache.poi"
         download-size="2922"
         install-size="6453"
         version="4.1.1.v20200604-1524"
         unpack="false"/>

   <plugin
         id="org.apache.commons.math3"
         download-size="2275"
         install-size="4785"
         version="3.6.1.v20200817-1830"
         unpack="false"/>

   <plugin
         id="org.apache.commons.collections4"
         download-size="790"
         install-size="1858"
         version="4.4.0.v20200420-1700"
         unpack="false"/>

</feature>
