<?xml version="1.0" encoding="ISO-8859-1" ?>
<!DOCTYPE struts-config PUBLIC
          "-//Apache Software Foundation//DTD Struts Configuration 1.3//EN"
          "http://struts.apache.org/dtds/struts-config_1_3.dtd">

<struts-config>
 	<form-beans>
		<form-bean name="userForm" type="cn.com.chengang.sms.user.UserForm"/> 
	</form-beans>
	
    <action-mappings> 
		<action path="/user/logonAction" type="cn.com.chengang.sms.user.LogonAction" name="userForm" scope="request"
                validate="true" input="/user/logon.jsp" > 
		   <forward name="success" path="/user/userList.jsp"/> 
		   <forward name="fail" path="/user/logon.jsp"/> 
        </action> 

		<action path="/user/userAction" type="cn.com.chengang.sms.user.UserAction" name="userForm" scope="request" 
			    validate="true" input="/user/userList.jsp" parameter="method"> 
			<forward name="modifyUserView" path="/user/modifyUser.jsp"/> 
			<forward name="modifySuccess" path="/user/userList.jsp"/> 
		</action>
    </action-mappings> 

	<message-resources parameter="cn.com.chengang.sms.MessageResources" />

	<plug-in className="org.apache.struts.validator.ValidatorPlugIn">
	    <set-property property="pathnames"
	                 value="/org/apache/struts/validator/validator-rules.xml,
	                        /WEB-INF/validation.xml"/>
	</plug-in>
	
</struts-config>
