<?xml version="1.0" encoding="UTF-8"?>
<section name="Workbench">
	<section name="NewWizardAction">
		<item key="NewWizardSelectionPage.STORE_SELECTED_ID" value="org.eclipse.wb.rcp.swt.SWTApplicationWizard"/>
		<list key="NewWizardSelectionPage.STORE_EXPANDED_CATEGORIES_ID">
			<item value="org.eclipse.wb"/>
			<item value="org.eclipse.wb/org.eclipse.wb.swing"/>
			<item value="org.eclipse.wb/org.eclipse.wb.rcp"/>
			<item value="org.eclipse.wb/org.eclipse.wb.rcp/org.eclipse.wb.rcp.jface"/>
			<item value="org.eclipse.wb/org.eclipse.wb.rcp/org.eclipse.wb.rcp.swt"/>
			<item value="org.eclipse.wb/org.eclipse.wb.rcp/org.eclipse.wb.xwt"/>
		</list>
	</section>
	<section name="InstallationDialogSettings">
		<item key="DIALOG_X_ORIGIN" value="102"/>
		<item key="DIALOG_Y_ORIGIN" value="-172"/>
		<item key="DIALOG_WIDTH" value="702"/>
		<item key="DIALOG_HEIGHT" value="832"/>
		<item key="DIALOG_FONT_NAME" value="1|Microsoft YaHei UI|9.0|0|WINDOWS|1|-12|0|0|0|400|0|0|0|1|0|0|0|0|Microsoft YaHei UI"/>
	</section>
	<section name="ImportExportAction">
		<item key="ImportExportPage.STORE_SELECTED_IMPORT_WIZARD_ID" value="org.eclipse.e4.ui.importer.wizard"/>
		<list key="ImportExportPage.STORE_EXPANDED_IMPORT_CATEGORIES">
			<item value="org.eclipse.ui.Basic"/>
		</list>
	</section>
	<section name="org.eclipse.ui.internal.QuickAccess">
		<item key="org.eclipse.ui.internal.quickaccess.QuickAccessDialogDIALOG_WIDTH" value="450"/>
		<item key="org.eclipse.ui.internal.quickaccess.QuickAccessDialogDIALOG_HEIGHT" value="574"/>
		<item key="org.eclipse.ui.internal.quickaccess.QuickAccessDialogDIALOG_USE_PERSISTED_SIZE" value="true"/>
		<item key="org.eclipse.ui.internal.quickaccess.QuickAccessDialogDIALOG_USE_PERSISTED_LOCATION" value="false"/>
		<list key="orderedElements">
			<item value="org.eclipse.ui.preferencePages.Workspace"/>
		</list>
		<list key="orderedProviders">
			<item value="org.eclipse.ui.preferences"/>
		</list>
		<list key="textEntries">
			<item value="1"/>
		</list>
		<list key="textArray">
			<item value="encoding"/>
		</list>
	</section>
</section>
