<?xml version="1.0" encoding="UTF-8"?>
<toc label="MyPlugin帮助">
	<topic label="透视图" href="contexts/1.html">
		<topic label="透视图简介" href="contexts/1_1.html"/>
		<topic label="视图" href="contexts/1_2.html">
			<topic label="视图－创建" href="contexts/1_2_1.html"/>
			<topic label="视图－使用" href="contexts/1_2_2.html"/>
			<topic label="视图－实例" href="contexts/1_2_3.html"/>
		</topic>
		<topic label="编辑器" href="contexts/1_3.html"/>
	</topic>

	<topic label="首选项" href="contexts/2.html"/>
	<topic label="控制台" href="contexts/3.html"/>
	<topic label="作者网站" href="http://www.chengang.com.cn"/>
</toc>
