<?xml version="1.0" encoding="UTF-8"?>
<section name="Workbench">
	<item key="osgiProject" value="false"/>
	<item key="generatePluginActivator" value="true"/>
	<item key="uiPlugin" value="false"/>
	<item key="apiAnalysis" value="false"/>
	<item key="rcpPlugin" value="false"/>
	<section name="quick_assist_proposal_size">
	</section>
	<section name="PDEFormActionManager">
	</section>
	<section name="org.eclipse.pde.ui.dialogs.PluginSelectionDialog">
		<item key="ShowStatusLine" value="true"/>
		<item key="History" value="&lt;?xml version=&quot;1.0&quot; encoding=&quot;UTF-8&quot;?&gt;&#x0D;&#x0A;&lt;History/&gt;"/>
		<section name="DialogBoundsSettings">
			<item key="DIALOG_HEIGHT" value="500"/>
			<item key="DIALOG_WIDTH" value="600"/>
			<item key="DIALOG_X_ORIGIN" value="988"/>
			<item key="DIALOG_Y_ORIGIN" value="371"/>
			<item key="DIALOG_FONT_NAME" value="1|Microsoft YaHei UI|9.0|0|WINDOWS|1|-12|0|0|0|400|0|0|0|1|0|0|0|0|Microsoft YaHei UI"/>
		</section>
	</section>
	<section name="targetStateView">
	</section>
	<section name="org.eclipse.pde.ui.PLUGIN_STATUS_DIALOG">
		<item key="DIALOG_WIDTH" value="416"/>
		<item key="DIALOG_HEIGHT" value="396"/>
		<item key="DIALOG_FONT_NAME" value="1|Microsoft YaHei UI|9.0|0|WINDOWS|1|-12|0|0|0|400|0|0|0|1|0|0|0|0|Microsoft YaHei UI"/>
	</section>
</section>
