<?xml version="1.0" encoding="UTF-8"?>
<Server>
  <Listener className="org.apache.catalina.core.AprLifecycleListener"/>
  <Listener className="org.apache.catalina.mbeans.GlobalResourcesLifecycleListener"/>
  <Listener className="org.apache.catalina.storeconfig.StoreConfigLifecycleListener"/>
  <Listener className="org.apache.catalina.mbeans.ServerLifecycleListener"/>
  <GlobalNamingResources>
    <Environment
      name="simpleValue"
      type="java.lang.Integer"
      value="30"/>
    <Resource
      auth="Container"
      description="User database that can be updated and saved"
      name="UserDatabase"
      type="org.apache.catalina.UserDatabase"
      pathname="conf/tomcat-users.xml"
      factory="org.apache.catalina.users.MemoryUserDatabaseFactory"/>
    <Resource
      name="jdbc/mysql"
      type="javax.sql.DataSource"
      password="123456"
      driverClassName="com.mysql.jdbc.Driver"
      maxIdle="2"
      maxWait="5000"
      username="root"
      url="jdbc:mysql://localhost/sms"
      maxActive="4"/>
  </GlobalNamingResources>
  <Service
      name="Catalina">
    <Connector
        port="8080"
        redirectPort="8443"
        minSpareThreads="25"
        connectionTimeout="20000"
        maxSpareThreads="75"
        maxThreads="150">
    </Connector>
    <Connector
        port="8009"
        redirectPort="8443"
        protocol="AJP/1.3">
    </Connector>
    <Engine
        defaultHost="localhost"
        name="Catalina">
      <Realm className="org.apache.catalina.realm.UserDatabaseRealm"/>
      <Host
          appBase="webapps"
          name="localhost">
      </Host>
    </Engine>
  </Service>
</Server>
