<?xml version="1.0" encoding="UTF-8"?>
<feature
      id="org.eclipse.nebula.widgets.nattable.extension.glazedlists.feature"
      label="%featureName"
      version="2.0.0.202012161455"
      provider-name="%providerName">

   <description url="https://projects.eclipse.org/projects/technology.nebula.nattable">
      %description
   </description>

   <copyright>
      %copyright
   </copyright>

   <license url="%licenseURL">
      %license
   </license>

   <requires>
      <import plugin="org.slf4j.api"/>
   </requires>

   <plugin
         id="org.eclipse.nebula.widgets.nattable.extension.glazedlists"
         download-size="133"
         install-size="319"
         version="2.0.0.202012161455"
         unpack="false"/>

   <plugin
         id="org.apache.commons.codec"
         download-size="367"
         install-size="700"
         version="1.14.0.v20200818-1422"
         unpack="false"/>

   <plugin
         id="ca.odell.glazedlists"
         download-size="927"
         install-size="1952"
         version="1.11.0.v20190926-1838"
         unpack="false"/>

</feature>
