<?xml version="1.0" encoding="UTF-8"?>
<toc label="MyPlugin幫助">
	<topic label="透視圖" href="contexts/1.html">
		<topic label="透視圖簡介" href="contexts/1_1.html"/>
		<topic label="視圖" href="contexts/1_2.html">
			<topic label="視圖－創建" href="contexts/1_2_1.html"/>
			<topic label="視圖－使用" href="contexts/1_2_2.html"/>
			<topic label="視圖－實例" href="contexts/1_2_3.html"/>
		</topic>
		<topic label="編輯器" href="contexts/1_3.html"/>
	</topic>

	<topic label="首選項" href="contexts/2.html"/>
	<topic label="控制台" href="contexts/3.html"/>
	<topic label="作者網站" href="http://www.chengang.com.cn"/>
</toc>
