<?xml version="1.0" encoding="UTF-8"?>
<feature
      id="org.eclipse.nebula.widgets.nattable.extension.e4.feature"
      label="%featureName"
      version="2.0.0.202012161455"
      provider-name="%providerName">

   <description url="https://projects.eclipse.org/projects/technology.nebula.nattable">
      %description
   </description>

   <copyright>
      %copyright
   </copyright>

   <license url="%licenseURL">
      %license
   </license>

   <requires>
      <import plugin="org.eclipse.e4.ui.css.core"/>
      <import plugin="org.eclipse.e4.ui.css.swt"/>
      <import plugin="org.eclipse.e4.ui.css.swt.theme"/>
      <import plugin="org.slf4j.api"/>
   </requires>

   <plugin
         id="org.eclipse.nebula.widgets.nattable.extension.e4"
         download-size="57"
         install-size="135"
         version="2.0.0.202012161455"
         unpack="false"/>

</feature>
