<?xml version="1.0" encoding="UTF-8"?>
<feature
      id="org.eclipse.nebula.widgets.nattable.extension.nebula.feature"
      label="%featureName"
      version="2.0.0.202012161455"
      provider-name="%providerName">

   <description url="https://projects.eclipse.org/projects/technology.nebula.nattable">
      %description
   </description>

   <copyright>
      %copyright
   </copyright>

   <license url="%licenseURL">
      %license
   </license>

   <requires>
      <import plugin="org.slf4j.api"/>
   </requires>

   <plugin
         id="org.eclipse.nebula.widgets.nattable.extension.nebula"
         download-size="31"
         install-size="59"
         version="2.0.0.202012161455"
         unpack="false"/>

   <plugin
         id="org.eclipse.nebula.widgets.richtext"
         download-size="1618"
         install-size="4311"
         version="1.4.0.202011020719"/>

   <plugin
         id="org.eclipse.nebula.widgets.cdatetime"
         download-size="106"
         install-size="214"
         version="1.5.0.202011020719"
         unpack="false"/>

   <plugin
         id="org.eclipse.nebula.cwt"
         download-size="154"
         install-size="295"
         version="1.1.0.202011020719"
         unpack="false"/>

</feature>
