<?xml version="1.0" encoding="UTF-8"?>
<section name="Workbench">
	<section name="SmartImportWizard">
		<item key="SmartImportRootWizardPage.STORE_HIDE_ALREADY_OPEN" value="false"/>
		<item key="SmartImportRootWizardPage.STORE_CLOSE_IMPORTED" value="false"/>
		<item key="SmartImportRootWizardPage.STORE_NESTED_PROJECTS" value="true"/>
		<item key="SmartImportRootWizardPage.STORE_CONFIGURE_NATURES" value="true"/>
		<list key="org.eclipse.ui.internal.wizards.datatransfer.SmartImportRootWizardPage.knownSources">
			<item value="C:\Users\37302\Documents\Development\PluginDev\PluginDoc\JFace GUI程序设计教程  基于Eclipse WindowBuilder开发环境\AllPrj\AllPrj\StdScoreManager1.1\StdScoreManager1.1"/>
			<item value="C:\Users\37302\Documents\Development\PluginDev\PluginDoc\JFace GUI程序设计教程  基于Eclipse WindowBuilder开发环境\AllPrj\AllPrj\chap07\chap07"/>
			<item value="C:\Users\37302\Downloads\JFace\JFaceDemo"/>
			<item value="C:\Users\37302\Downloads\CustomControls\CustomControls"/>
			<item value="C:\Users\37302\Downloads\ClientBilling\ClientBilling"/>
			<item value="C:\Users\37302\Downloads\Layouts\Layouts"/>
			<item value="C:\Users\37302\Downloads\AdvancedWidgets\AdvancedWidgets"/>
			<item value="C:\Users\37302\Downloads\BasicWidgets\BasicWidgets"/>
		</list>
	</section>
	<section name="CleanDialogSettings">
		<item key="TOGGLE_SELECTED" value="false"/>
		<item key="DIALOG_WIDTH" value="500"/>
		<item key="DIALOG_HEIGHT" value="402"/>
		<item key="DIALOG_FONT_NAME" value="1|Microsoft YaHei UI|9.0|0|WINDOWS|1|-12|0|0|0|400|0|0|0|1|0|0|0|0|Microsoft YaHei UI"/>
	</section>
	<section name="ChooseWorkspaceDialogSettings">
		<item key="DIALOG_X_ORIGIN" value="973"/>
		<item key="DIALOG_Y_ORIGIN" value="492"/>
	</section>
	<section name="WORKBENCH_SETTINGS">
		<list key="ENABLED_TRANSFERS">
		</list>
	</section>
</section>
