<?xml version="1.0" encoding="UTF-8"?>
<section name="Workbench">
	<section name="org.eclipse.wb.internal.core.utils.ui.dialogs.StringsDialog">
		<item key="x" value="1098"/>
		<item key="y" value="524"/>
		<item key="width" value="364"/>
		<item key="height" value="343"/>
	</section>
	<section name="org.eclipse.wb.internal.core.model.property.editor.string.StringPropertyDialog">
		<item key="x" value="1015"/>
		<item key="y" value="506"/>
		<item key="width" value="529"/>
		<item key="height" value="380"/>
	</section>
</section>
