<?xml version='1.0' encoding='utf-8'?>
<!DOCTYPE hibernate-configuration PUBLIC
        "-//Hibernate/Hibernate Configuration DTD 3.0//EN"
        "http://hibernate.sourceforge.net/hibernate-configuration-3.0.dtd">

<hibernate-configuration>
	<session-factory>
		<!-- 数据库 -->
		<property name="connection.datasource">java:comp/env/jdbc/mysql</property>
		<property name="dialect">org.hibernate.dialect.MySQL5Dialect</property>
		<property name="show_sql">true</property>
        <!-- 打开Hibernate的session自动管理机制 -->
        <property name="current_session_context_class">thread</property>
		<!-- 把所有*.hbm.xml文件注册在这里 -->
		<mapping resource="cn/com/chengang/sms/model/model.hbm.xml"/>
	</session-factory>
</hibernate-configuration>
