<?xml version='1.0' encoding='UTF-8'?>
<?artifactRepository version='1.1.0'?>
<repository name='Bundle pool' type='org.eclipse.equinox.p2.artifact.repository.simpleRepository' version='1'>
  <properties size='2'>
    <property name='p2.system' value='true'/>
    <property name='p2.timestamp' value='1608130808739'/>
  </properties>
  <mappings size='3'>
    <rule filter='(&amp; (classifier=osgi.bundle))' output='${repoUrl}/plugins/${id}_${version}.jar'/>
    <rule filter='(&amp; (classifier=binary))' output='${repoUrl}/binary/${id}_${version}'/>
    <rule filter='(&amp; (classifier=org.eclipse.update.feature))' output='${repoUrl}/features/${id}_${version}.jar'/>
  </mappings>
  <artifacts size='99'>
    <artifact classifier='osgi.bundle' id='org.eclipse.equinox.launcher' version='1.5.500.v20190715-1310'>
      <properties size='1'>
        <property name='download.size' value='53259'/>
      </properties>
    </artifact>
    <artifact classifier='osgi.bundle' id='javax.annotation' version='1.2.0.v201602091430'>
      <properties size='1'>
        <property name='download.size' value='29148'/>
      </properties>
    </artifact>
    <artifact classifier='osgi.bundle' id='org.eclipse.equinox.preferences' version='3.7.500.v20190815-1535'>
      <properties size='1'>
        <property name='download.size' value='134208'/>
      </properties>
    </artifact>
    <artifact classifier='org.eclipse.update.feature' id='org.eclipse.nebula.widgets.nattable.extension.poi.feature' version='2.0.0.202012161455'>
      <properties size='1'>
        <property name='download.size' value='19494'/>
      </properties>
      <repositoryProperties size='1'>
        <property name='artifact.folder' value='true'/>
      </repositoryProperties>
    </artifact>
    <artifact classifier='osgi.bundle' id='org.eclipse.core.databinding.observable' version='1.8.0.v20190805-1157'>
      <properties size='1'>
        <property name='download.size' value='310950'/>
      </properties>
    </artifact>
    <artifact classifier='org.eclipse.update.feature' id='org.eclipse.nebula.widgets.nattable.extension.nebula.feature' version='2.0.0.202012161455'>
      <properties size='1'>
        <property name='download.size' value='19485'/>
      </properties>
      <repositoryProperties size='1'>
        <property name='artifact.folder' value='true'/>
      </repositoryProperties>
    </artifact>
    <artifact classifier='osgi.bundle' id='org.eclipse.e4.ui.widgets' version='1.2.500.v20190624-0808'>
      <properties size='1'>
        <property name='download.size' value='13430'/>
      </properties>
    </artifact>
    <artifact classifier='osgi.bundle' id='org.eclipse.e4.ui.dialogs' version='1.1.600.v20190814-0636'>
      <properties size='1'>
        <property name='download.size' value='39198'/>
      </properties>
    </artifact>
    <artifact classifier='org.eclipse.update.feature' id='org.eclipse.nebula.widgets.nattable.core.feature' version='2.0.0.202012161455'>
      <properties size='1'>
        <property name='download.size' value='19417'/>
      </properties>
      <repositoryProperties size='1'>
        <property name='artifact.folder' value='true'/>
      </repositoryProperties>
    </artifact>
    <artifact classifier='org.eclipse.update.feature' id='org.eclipse.emf.common' version='2.16.0.v20190625-1131'>
      <properties size='1'>
        <property name='download.size' value='19524'/>
      </properties>
      <repositoryProperties size='1'>
        <property name='artifact.folder' value='true'/>
      </repositoryProperties>
    </artifact>
    <artifact classifier='osgi.bundle' id='org.eclipse.core.databinding' version='1.7.500.v20190624-2109'>
      <properties size='1'>
        <property name='download.size' value='176963'/>
      </properties>
    </artifact>
    <artifact classifier='osgi.bundle' id='org.eclipse.jface.databinding' version='1.9.100.v20190805-1255'>
      <properties size='1'>
        <property name='download.size' value='300481'/>
      </properties>
    </artifact>
    <artifact classifier='osgi.bundle' id='org.eclipse.nebula.cwt' version='1.1.0.202011020719'>
      <properties size='1'>
        <property name='download.size' value='157961'/>
      </properties>
    </artifact>
    <artifact classifier='osgi.bundle' id='org.apache.commons.logging' version='1.2.0.v20180409-1502'>
      <properties size='1'>
        <property name='download.size' value='73163'/>
      </properties>
    </artifact>
    <artifact classifier='osgi.bundle' id='org.eclipse.nebula.widgets.nattable.extension.e4' version='2.0.0.202012161455'>
      <properties size='1'>
        <property name='download.size' value='58563'/>
      </properties>
    </artifact>
    <artifact classifier='osgi.bundle' id='org.eclipse.osgi.compatibility.state' version='1.1.600.v20190814-1451'>
      <properties size='1'>
        <property name='download.size' value='247626'/>
      </properties>
    </artifact>
    <artifact classifier='osgi.bundle' id='org.apache.batik.util' version='1.11.0.v20190515-0436'>
      <properties size='1'>
        <property name='download.size' value='147784'/>
      </properties>
    </artifact>
    <artifact classifier='osgi.bundle' id='org.apache.commons.math3' version='3.6.1.v20200817-1830'>
      <properties size='1'>
        <property name='download.size' value='2330355'/>
      </properties>
    </artifact>
    <artifact classifier='osgi.bundle' id='org.eclipse.nebula.widgets.cdatetime' version='1.5.0.202011020719'>
      <properties size='1'>
        <property name='download.size' value='109014'/>
      </properties>
    </artifact>
    <artifact classifier='osgi.bundle' id='org.w3c.dom.svg' version='1.1.0.v201011041433'>
      <properties size='1'>
        <property name='download.size' value='97545'/>
      </properties>
    </artifact>
    <artifact classifier='osgi.bundle' id='org.eclipse.equinox.bidi' version='1.2.100.v20190815-1535'>
      <properties size='1'>
        <property name='download.size' value='51224'/>
      </properties>
    </artifact>
    <artifact classifier='osgi.bundle' id='org.eclipse.e4.ui.workbench' version='1.10.100.v20190810-0814'>
      <properties size='1'>
        <property name='download.size' value='255926'/>
      </properties>
    </artifact>
    <artifact classifier='osgi.bundle' id='org.eclipse.e4.ui.css.core' version='0.12.800.v20190805-1157'>
      <properties size='1'>
        <property name='download.size' value='211501'/>
      </properties>
    </artifact>
    <artifact classifier='osgi.bundle' id='org.eclipse.e4.ui.css.swt' version='0.13.600.v20190805-1157'>
      <properties size='1'>
        <property name='download.size' value='255182'/>
      </properties>
    </artifact>
    <artifact classifier='osgi.bundle' id='org.eclipse.nebula.widgets.nattable.examples.e4' version='2.0.0.202012161455'>
      <properties size='1'>
        <property name='download.size' value='144215'/>
      </properties>
    </artifact>
    <artifact classifier='osgi.bundle' id='org.apache.poi' version='4.1.1.v20200604-1524'>
      <properties size='1'>
        <property name='download.size' value='2992259'/>
      </properties>
    </artifact>
    <artifact classifier='osgi.bundle' id='org.eclipse.nebula.widgets.nattable.extension.glazedlists' version='2.0.0.202012161455'>
      <properties size='1'>
        <property name='download.size' value='137057'/>
      </properties>
    </artifact>
    <artifact classifier='osgi.bundle' id='org.eclipse.osgi' version='3.15.0.v20190830-1434'>
      <properties size='1'>
        <property name='download.size' value='1460203'/>
      </properties>
    </artifact>
    <artifact classifier='osgi.bundle' id='org.eclipse.emf.ecore.xmi' version='2.16.0.v20190528-0725'>
      <properties size='1'>
        <property name='download.size' value='235202'/>
      </properties>
    </artifact>
    <artifact classifier='osgi.bundle' id='org.eclipse.equinox.common' version='3.10.500.v20190815-1535'>
      <properties size='1'>
        <property name='download.size' value='122836'/>
      </properties>
    </artifact>
    <artifact classifier='osgi.bundle' id='org.eclipse.e4.ui.workbench.swt' version='0.14.700.v20190807-1716'>
      <properties size='1'>
        <property name='download.size' value='144153'/>
      </properties>
    </artifact>
    <artifact classifier='osgi.bundle' id='org.apache.commons.jxpath' version='1.3.0.v200911051830'>
      <properties size='1'>
        <property name='download.size' value='315491'/>
      </properties>
    </artifact>
    <artifact classifier='osgi.bundle' id='org.eclipse.e4.emf.xpath' version='0.2.400.v20190621-1946'>
      <properties size='1'>
        <property name='download.size' value='49525'/>
      </properties>
    </artifact>
    <artifact classifier='osgi.bundle' id='org.eclipse.jface' version='3.17.0.v20190820-1444'>
      <properties size='1'>
        <property name='download.size' value='1109779'/>
      </properties>
    </artifact>
    <artifact classifier='osgi.bundle' id='org.apache.batik.constants' version='1.11.0.v20190515-0436'>
      <properties size='1'>
        <property name='download.size' value='20830'/>
      </properties>
    </artifact>
    <artifact classifier='osgi.bundle' id='org.slf4j.api' version='1.7.30.v20200204-2150'>
      <properties size='1'>
        <property name='download.size' value='53068'/>
      </properties>
    </artifact>
    <artifact classifier='osgi.bundle' id='org.eclipse.e4.ui.workbench.addons.swt' version='1.3.600.v20190716-1245'>
      <properties size='1'>
        <property name='download.size' value='117415'/>
      </properties>
    </artifact>
    <artifact classifier='osgi.bundle' id='org.apache.commons.io' version='2.6.0.v20190123-2029'>
      <properties size='1'>
        <property name='download.size' value='232616'/>
      </properties>
    </artifact>
    <artifact classifier='osgi.bundle' id='org.eclipse.nebula.widgets.nattable.examples' version='2.0.0.202012161455'>
      <properties size='1'>
        <property name='download.size' value='2091109'/>
      </properties>
    </artifact>
    <artifact classifier='osgi.bundle' id='org.apache.xmlgraphics' version='2.3.0.v20190515-0436'>
      <properties size='1'>
        <property name='download.size' value='719465'/>
      </properties>
    </artifact>
    <artifact classifier='osgi.bundle' id='org.eclipse.collections' version='10.4.0.v20200820-2049'>
      <properties size='1'>
        <property name='download.size' value='11633033'/>
      </properties>
    </artifact>
    <artifact classifier='osgi.bundle' id='org.eclipse.e4.core.di' version='1.7.400.v20190903-1311'>
      <properties size='1'>
        <property name='download.size' value='52735'/>
      </properties>
    </artifact>
    <artifact classifier='osgi.bundle' id='org.eclipse.core.expressions' version='3.6.500.v20190617-1926'>
      <properties size='1'>
        <property name='download.size' value='94472'/>
      </properties>
    </artifact>
    <artifact classifier='osgi.bundle' id='org.eclipse.e4.core.contexts' version='1.8.200.v20190620-0649'>
      <properties size='1'>
        <property name='download.size' value='48349'/>
      </properties>
    </artifact>
    <artifact classifier='osgi.bundle' id='org.eclipse.equinox.app' version='1.4.300.v20190815-1535'>
      <properties size='1'>
        <property name='download.size' value='89371'/>
      </properties>
    </artifact>
    <artifact classifier='org.eclipse.update.feature' id='org.eclipse.nebula.widgets.nattable.examples.e4.rcp.feature' version='2.0.0.202012161455'>
      <properties size='1'>
        <property name='download.size' value='21160'/>
      </properties>
      <repositoryProperties size='1'>
        <property name='artifact.folder' value='true'/>
      </repositoryProperties>
    </artifact>
    <artifact classifier='osgi.bundle' id='org.eclipse.e4.ui.di' version='1.2.600.v20190510-1100'>
      <properties size='1'>
        <property name='download.size' value='17582'/>
      </properties>
    </artifact>
    <artifact classifier='osgi.bundle' id='org.eclipse.nebula.widgets.nattable.dataset' version='2.0.0.202012161455'>
      <properties size='1'>
        <property name='download.size' value='96598'/>
      </properties>
    </artifact>
    <artifact classifier='osgi.bundle' id='org.eclipse.core.jobs' version='3.10.500.v20190620-1426'>
      <properties size='1'>
        <property name='download.size' value='107270'/>
      </properties>
    </artifact>
    <artifact classifier='osgi.bundle' id='org.eclipse.swt.win32.win32.x86_64' version='3.112.0.v20190904-0609'>
      <properties size='1'>
        <property name='download.size' value='2435061'/>
      </properties>
    </artifact>
    <artifact classifier='osgi.bundle' id='org.eclipse.e4.core.di.extensions' version='0.15.300.v20190213-1308'>
      <properties size='1'>
        <property name='download.size' value='11420'/>
      </properties>
    </artifact>
    <artifact classifier='osgi.bundle' id='org.eclipse.nebula.widgets.nattable.extension.poi' version='2.0.0.202012161455'>
      <properties size='1'>
        <property name='download.size' value='21757'/>
      </properties>
    </artifact>
    <artifact classifier='osgi.bundle' id='ca.odell.glazedlists' version='1.11.0.v20190926-1838'>
      <properties size='1'>
        <property name='download.size' value='949328'/>
      </properties>
    </artifact>
    <artifact classifier='osgi.bundle' id='org.eclipse.e4.ui.bindings' version='0.12.600.v20190625-0735'>
      <properties size='1'>
        <property name='download.size' value='45988'/>
      </properties>
    </artifact>
    <artifact classifier='osgi.bundle' id='org.slf4j.binding.simple' version='1.7.30.v20200204-2150'>
      <properties size='1'>
        <property name='download.size' value='25348'/>
      </properties>
    </artifact>
    <artifact classifier='osgi.bundle' id='org.eclipse.e4.ui.workbench.renderers.swt' version='0.14.800.v20190716-1245'>
      <properties size='1'>
        <property name='download.size' value='251849'/>
      </properties>
    </artifact>
    <artifact classifier='osgi.bundle' id='org.eclipse.e4.core.di.annotations' version='1.6.400.v20190518-1217'>
      <properties size='1'>
        <property name='download.size' value='12265'/>
      </properties>
    </artifact>
    <artifact classifier='osgi.bundle' id='org.eclipse.e4.core.di.extensions.supplier' version='0.15.400.v20190709-0707'>
      <properties size='1'>
        <property name='download.size' value='35633'/>
      </properties>
    </artifact>
    <artifact classifier='osgi.bundle' id='org.eclipse.equinox.event' version='1.5.200.v20190814-0953'>
      <properties size='1'>
        <property name='download.size' value='35551'/>
      </properties>
    </artifact>
    <artifact classifier='osgi.bundle' id='org.eclipse.e4.ui.workbench3' version='0.15.200.v20190621-1448'>
      <properties size='1'>
        <property name='download.size' value='21309'/>
      </properties>
    </artifact>
    <artifact classifier='osgi.bundle' id='org.eclipse.equinox.launcher.win32.win32.x86_64' version='1.1.1100.v20190907-0426'>
      <properties size='1'>
        <property name='download.size' value='82702'/>
      </properties>
      <repositoryProperties size='1'>
        <property name='artifact.folder' value='true'/>
      </repositoryProperties>
    </artifact>
    <artifact classifier='org.eclipse.update.feature' id='org.eclipse.nebula.widgets.nattable.extension.glazedlists.feature' version='2.0.0.202012161455'>
      <properties size='1'>
        <property name='download.size' value='19479'/>
      </properties>
      <repositoryProperties size='1'>
        <property name='artifact.folder' value='true'/>
      </repositoryProperties>
    </artifact>
    <artifact classifier='osgi.bundle' id='org.eclipse.equinox.simpleconfigurator' version='1.3.300.v20190716-0825'>
      <properties size='1'>
        <property name='download.size' value='46192'/>
      </properties>
    </artifact>
    <artifact classifier='osgi.bundle' id='org.eclipse.swt' version='3.112.0.v20190904-0609'>
      <properties size='1'>
        <property name='download.size' value='17337'/>
      </properties>
    </artifact>
    <artifact classifier='osgi.bundle' id='org.w3c.dom.events' version='3.0.0.draft20060413_v201105210656'>
      <properties size='1'>
        <property name='download.size' value='15720'/>
      </properties>
    </artifact>
    <artifact classifier='osgi.bundle' id='org.apache.batik.css' version='1.11.0.v20190515-0436'>
      <properties size='1'>
        <property name='download.size' value='359895'/>
      </properties>
    </artifact>
    <artifact classifier='osgi.bundle' id='org.eclipse.equinox.util' version='1.1.300.v20190714-1852'>
      <properties size='1'>
        <property name='download.size' value='83352'/>
      </properties>
    </artifact>
    <artifact classifier='org.eclipse.update.feature' id='org.eclipse.nebula.widgets.nattable.examples.e4.feature' version='2.0.0.202012161455'>
      <properties size='1'>
        <property name='download.size' value='19472'/>
      </properties>
      <repositoryProperties size='1'>
        <property name='artifact.folder' value='true'/>
      </repositoryProperties>
    </artifact>
    <artifact classifier='osgi.bundle' id='org.eclipse.core.commands' version='3.9.500.v20190805-1157'>
      <properties size='1'>
        <property name='download.size' value='115683'/>
      </properties>
    </artifact>
    <artifact classifier='osgi.bundle' id='org.eclipse.nebula.widgets.nattable.core' version='2.0.0.202012161455'>
      <properties size='1'>
        <property name='download.size' value='2864771'/>
      </properties>
    </artifact>
    <artifact classifier='osgi.bundle' id='org.eclipse.e4.core.services' version='2.2.0.v20190630-2019'>
      <properties size='1'>
        <property name='download.size' value='72690'/>
      </properties>
    </artifact>
    <artifact classifier='osgi.bundle' id='org.eclipse.nebula.widgets.richtext' version='1.4.0.202011020719'>
      <properties size='1'>
        <property name='download.size' value='1657275'/>
      </properties>
      <repositoryProperties size='1'>
        <property name='artifact.folder' value='true'/>
      </repositoryProperties>
    </artifact>
    <artifact classifier='osgi.bundle' id='com.ibm.icu.base' version='58.2.0.v20181010-1334'>
      <properties size='1'>
        <property name='download.size' value='197100'/>
      </properties>
    </artifact>
    <artifact classifier='org.eclipse.update.feature' id='org.eclipse.collections.feature' version='10.4.0.v20200820-2049'>
      <properties size='1'>
        <property name='download.size' value='17571'/>
      </properties>
      <repositoryProperties size='1'>
        <property name='artifact.folder' value='true'/>
      </repositoryProperties>
    </artifact>
    <artifact classifier='osgi.bundle' id='org.eclipse.core.databinding.property' version='1.7.100.v20190805-1157'>
      <properties size='1'>
        <property name='download.size' value='164438'/>
      </properties>
    </artifact>
    <artifact classifier='osgi.bundle' id='org.eclipse.e4.ui.model.workbench' version='2.1.500.v20190824-1021'>
      <properties size='1'>
        <property name='download.size' value='407488'/>
      </properties>
    </artifact>
    <artifact classifier='osgi.bundle' id='org.apache.commons.collections4' version='4.4.0.v20200420-1700'>
      <properties size='1'>
        <property name='download.size' value='809582'/>
      </properties>
    </artifact>
    <artifact classifier='org.eclipse.update.feature' id='org.eclipse.nebula.widgets.nattable.extension.e4.feature' version='2.0.0.202012161455'>
      <properties size='1'>
        <property name='download.size' value='19427'/>
      </properties>
      <repositoryProperties size='1'>
        <property name='artifact.folder' value='true'/>
      </repositoryProperties>
    </artifact>
    <artifact classifier='osgi.bundle' id='org.eclipse.core.contenttype' version='3.7.400.v20190624-1144'>
      <properties size='1'>
        <property name='download.size' value='101215'/>
      </properties>
    </artifact>
    <artifact classifier='osgi.bundle' id='org.eclipse.osgi.util' version='3.5.300.v20190708-1141'>
      <properties size='1'>
        <property name='download.size' value='73510'/>
      </properties>
    </artifact>
    <artifact classifier='osgi.bundle' id='org.eclipse.core.runtime' version='3.16.0.v20190823-1314'>
      <properties size='1'>
        <property name='download.size' value='73797'/>
      </properties>
    </artifact>
    <artifact classifier='osgi.bundle' id='org.eclipse.emf.ecore.change' version='2.14.0.v20190528-0725'>
      <properties size='1'>
        <property name='download.size' value='103029'/>
      </properties>
    </artifact>
    <artifact classifier='osgi.bundle' id='org.apache.felix.scr' version='2.1.14.v20190123-1619'>
      <properties size='1'>
        <property name='download.size' value='412632'/>
      </properties>
    </artifact>
    <artifact classifier='osgi.bundle' id='org.eclipse.equinox.ds' version='1.6.0.v20190122-0806'>
      <properties size='1'>
        <property name='download.size' value='29235'/>
      </properties>
    </artifact>
    <artifact classifier='osgi.bundle' id='org.apache.commons.codec' version='1.14.0.v20200818-1422'>
      <properties size='1'>
        <property name='download.size' value='376432'/>
      </properties>
    </artifact>
    <artifact classifier='osgi.bundle' id='org.eclipse.osgi.services' version='3.8.0.v20190206-2147'>
      <properties size='1'>
        <property name='download.size' value='128680'/>
      </properties>
    </artifact>
    <artifact classifier='osgi.bundle' id='org.eclipse.emf.common' version='2.16.0.v20190625-1131'>
      <properties size='1'>
        <property name='download.size' value='375728'/>
      </properties>
    </artifact>
    <artifact classifier='osgi.bundle' id='org.w3c.dom.smil' version='1.0.1.v200903091627'>
      <properties size='1'>
        <property name='download.size' value='20106'/>
      </properties>
    </artifact>
    <artifact classifier='osgi.bundle' id='org.eclipse.e4.core.commands' version='0.12.700.v20190621-1412'>
      <properties size='1'>
        <property name='download.size' value='26060'/>
      </properties>
    </artifact>
    <artifact classifier='osgi.bundle' id='javax.inject' version='1.0.0.v20091030'>
      <properties size='1'>
        <property name='download.size' value='14411'/>
      </properties>
    </artifact>
    <artifact classifier='org.eclipse.update.feature' id='org.eclipse.emf.ecore' version='2.19.0.v20190822-1451'>
      <properties size='1'>
        <property name='download.size' value='19590'/>
      </properties>
      <repositoryProperties size='1'>
        <property name='artifact.folder' value='true'/>
      </repositoryProperties>
    </artifact>
    <artifact classifier='osgi.bundle' id='org.eclipse.e4.ui.services' version='1.3.600.v20190716-1245'>
      <properties size='1'>
        <property name='download.size' value='25122'/>
      </properties>
    </artifact>
    <artifact classifier='osgi.bundle' id='org.eclipse.core.databinding.beans' version='1.5.100.v20190624-2109'>
      <properties size='1'>
        <property name='download.size' value='93594'/>
      </properties>
    </artifact>
    <artifact classifier='osgi.bundle' id='org.eclipse.nebula.widgets.nattable.extension.nebula' version='2.0.0.202012161455'>
      <properties size='1'>
        <property name='download.size' value='32758'/>
      </properties>
    </artifact>
    <artifact classifier='osgi.bundle' id='org.eclipse.equinox.registry' version='3.8.500.v20190714-1850'>
      <properties size='1'>
        <property name='download.size' value='197231'/>
      </properties>
    </artifact>
    <artifact classifier='osgi.bundle' id='org.apache.batik.i18n' version='1.11.0.v20190515-0436'>
      <properties size='1'>
        <property name='download.size' value='24067'/>
      </properties>
    </artifact>
    <artifact classifier='osgi.bundle' id='org.w3c.css.sac' version='1.3.1.v200903091627'>
      <properties size='1'>
        <property name='download.size' value='36448'/>
      </properties>
    </artifact>
    <artifact classifier='osgi.bundle' id='org.eclipse.emf.ecore' version='2.19.0.v20190822-1451'>
      <properties size='1'>
        <property name='download.size' value='1414543'/>
      </properties>
    </artifact>
    <artifact classifier='osgi.bundle' id='org.eclipse.e4.ui.css.swt.theme' version='0.12.400.v20190812-0413'>
      <properties size='1'>
        <property name='download.size' value='29037'/>
      </properties>
    </artifact>
  </artifacts>
</repository>
