<?xml version="1.0"?>
<!DOCTYPE hibernate-mapping PUBLIC
        "-//Hibernate/Hibernate Mapping DTD 3.0//EN"
        "http://hibernate.sourceforge.net/hibernate-mapping-3.0.dtd">

<hibernate-mapping>
	<!--年级-->
    <class name="cn.com.chengang.sms.model.Grade">
		<id name="id">
			<generator class="identity"/>
		</id>
        <property name="name"/>
    </class>
	
	<!--班级-->
    <class name="cn.com.chengang.sms.model.SchoolClass">
		<id name="id">
			<generator class="identity"/>
		</id>
        <property name="name"/>
		<many-to-one name="grade" class="cn.com.chengang.sms.model.Grade" column="grade_id" update="false" insert="false" />
    </class>
	
	<!--课程-->
    <class name="cn.com.chengang.sms.model.Course">
		<id name="id">
			<generator class="identity"/>
		</id>
        <property name="name"/>
    </class>
	
	<!--用户-->
    <class name="cn.com.chengang.sms.model.IUser" discriminator-value="I">
		<id name="id">
			<generator class="identity"/>
		</id>
		<discriminator column="type" type="character"/>
         <property name="userId"/>
		<property name="password"/>
		<property name="name"/>
		<property name="latestOnline"/>
		
		<!--用户.学生-->
		<subclass name="cn.com.chengang.sms.model.Student" discriminator-value="B">
			<many-to-one name="schoolclass" class="cn.com.chengang.sms.model.SchoolClass" column="schoolclass_id"/>
		</subclass>
		
		<!--用户.老师-->
		<subclass name="cn.com.chengang.sms.model.Teacher" discriminator-value="A">
			<set name="courses" table="iuser_course" inverse="true" lazy="true">
				<key column="iuser_id"/>
				<many-to-many class="cn.com.chengang.sms.model.Course" column="course_id"/>
			</set>
		</subclass>
    </class>		
</hibernate-mapping>