<?xml version="1.0"?>
<!DOCTYPE catalog PUBLIC "-//OASIS//DTD Entity Resolution XML Catalog V1.0//EN" "http://www.oasis-open.org/committees/entity/release/1.0/catalog.dtd">
<catalog xmlns="urn:oasis:names:tc:entity:xmlns:xml:catalog" prefer="public">
<system systemId="http://maven.apache.org/maven-v4_0_0.xsd" uri="file:/C:/Users/37302/eclipse/eclipse-rcp-2021-06-R-win32-x86_64/eclipse/configuration/org.eclipse.osgi/288/0/.cp/xsd/maven-v4_0_0.xsd"/>
<system systemId="http://maven.apache.org/xsd/maven-4.0.0.xsd" uri="file:/C:/Users/37302/eclipse/eclipse-rcp-2021-06-R-win32-x86_64/eclipse/configuration/org.eclipse.osgi/288/0/.cp/xsd/maven-v4_0_0.xsd"/>
<system systemId="http://maven.apache.org/xsd/settings-1.0.0.xsd" uri="file:/C:/Users/37302/eclipse/eclipse-rcp-2021-06-R-win32-x86_64/eclipse/configuration/org.eclipse.osgi/288/0/.cp/xsd/settings-v1_0_0.xsd"/>
<system systemId="http://maven.apache.org/xsd/profiles-1.0.0.xsd" uri="file:/C:/Users/37302/eclipse/eclipse-rcp-2021-06-R-win32-x86_64/eclipse/configuration/org.eclipse.osgi/288/0/.cp/xsd/profiles-v1_0_0.xsd"/>
<system systemId="http://maven.apache.org/xsd/archetype-1.0.0.xsd" uri="file:/C:/Users/37302/eclipse/eclipse-rcp-2021-06-R-win32-x86_64/eclipse/configuration/org.eclipse.osgi/288/0/.cp/xsd/archetype-1.0.0.xsd"/>
<system systemId="http://maven.apache.org/xsd/archetype-catalog-1.0.0.xsd" uri="file:/C:/Users/37302/eclipse/eclipse-rcp-2021-06-R-win32-x86_64/eclipse/configuration/org.eclipse.osgi/288/0/.cp/xsd/archetype-catalog-1.0.0.xsd"/>
<system systemId="http://maven.apache.org/xsd/archetype-descriptor-1.0.0.xsd" uri="file:/C:/Users/37302/eclipse/eclipse-rcp-2021-06-R-win32-x86_64/eclipse/configuration/org.eclipse.osgi/288/0/.cp/xsd/archetype-descriptor-1.0.0.xsd"/>
<system systemId="http://www.w3.org/2001/xml.xsd" uri="platform:/plugin/org.eclipse.xsd/cache/www.w3.org/2001/xml.xsd"/>
</catalog>