<?xml version="1.0" encoding="UTF-8"?>
<feature
      id="org.eclipse.nebula.widgets.nattable.examples.e4.feature"
      label="%featureName"
      version="2.0.0.202012161455"
      provider-name="%providerName">

   <description url="https://projects.eclipse.org/projects/technology.nebula.nattable">
      %description
   </description>

   <copyright>
      %copyright
   </copyright>

   <license url="%licenseURL">
      %license
   </license>

   <requires>
      <import plugin="org.slf4j.api"/>
   </requires>

   <plugin
         id="org.eclipse.nebula.widgets.nattable.examples.e4"
         download-size="140"
         install-size="335"
         version="2.0.0.202012161455"
         unpack="false"/>

   <plugin
         id="org.eclipse.nebula.widgets.nattable.dataset"
         download-size="94"
         install-size="184"
         version="2.0.0.202012161455"
         unpack="false"/>

   <plugin
         id="org.eclipse.nebula.widgets.nattable.examples"
         download-size="2042"
         install-size="5792"
         version="2.0.0.202012161455"
         unpack="false"/>

   <plugin
         id="org.slf4j.binding.simple"
         download-size="24"
         install-size="41"
         version="1.7.30.v20200204-2150"
         fragment="true"
         unpack="false"/>

   <plugin
         id="org.slf4j.api"
         download-size="51"
         install-size="101"
         version="1.7.30.v20200204-2150"
         unpack="false"/>

</feature>
